order_month,category,orders,revenue
2016-09,health_beauty,1,134.97
2016-10,health_beauty,44,4552.51
2016-10,perfumery,30,5688.7
2017-01,health_beauty,82,12561.32
2017-01,perfumery,29,5112.6
2017-02,health_beauty,155,22838.79
2017-02,perfumery,49,8127.18
2017-03,health_beauty,193,25995.25
2017-03,perfumery,104,19808.13
2017-04,health_beauty,176,22935.75
2017-04,perfumery,101,19891.11
2017-05,health_beauty,267,46786.02
2017-05,perfumery,134,20119.04
2017-06,health_beauty,239,32029.39
2017-06,perfumery,146,24438.1
2017-07,health_beauty,278,34896.86
2017-07,perfumery,119,12910.02
2017-08,health_beauty,345,49873.9
2017-08,perfumery,118,13142.09
2017-09,health_beauty,360,51537.65
2017-09,perfumery,142,14744.87
2017-10,health_beauty,332,41915.72
2017-10,perfumery,177,16984.62
2017-11,health_beauty,530,79120.4
2017-11,perfumery,293,31831.81
2017-12,health_beauty,432,61264.66
2017-12,perfumery,233,27864.43
2018-01,health_beauty,572,72470.49
2018-01,perfumery,213,20036.89
2018-02,health_beauty,607,86996.06
2018-02,perfumery,198,20632.7
2018-03,health_beauty,621,90034.41
2018-03,perfumery,186,20473.25
2018-04,health_beauty,626,91751.04
2018-04,perfumery,160,17790.31
2018-05,health_beauty,686,96460.36
2018-05,perfumery,180,24757.7
2018-06,health_beauty,799,107908.82
2018-06,perfumery,169,27335.86
2018-07,health_beauty,713,105813.03
2018-07,perfumery,174,22417.77
2018-08,health_beauty,778,120803.94
2018-08,perfumery,207,25017.69
